{"cameraMode":{"drawMode":0,"name":"Shaded","section":"Shading Mode"},"sceneLighting":true,"audioPlay":false,"sceneViewState":{"m_AlwaysRefresh":false,"showFog":true,"showSkybox":true,"showFlares":true,"showImageEffects":true,"showParticleSystems":true,"showVisualEffectGraphs":true,"m_FxEnabled":true},"in2DMode":false,"pivot":{"x":4.8876729011535648,"y":1.709991455078125,"z":1.8203606605529786},"rotation":{"x":0.048213548958301547,"y":0.6877643465995789,"z":-0.04587510600686073,"w":0.7228959798812866},"size":1.4284924268722535,"orthographic":true}