{"cameraMode":{"drawMode":0,"name":"Shaded","section":"Shading Mode"},"sceneLighting":true,"audioPlay":false,"sceneViewState":{"m_AlwaysRefresh":false,"showFog":true,"showSkybox":true,"showFlares":true,"showImageEffects":true,"showParticleSystems":true,"showVisualEffectGraphs":true,"m_FxEnabled":true},"in2DMode":false,"pivot":{"x":0.5611545443534851,"y":3.5417304039001467,"z":-1.859702467918396},"rotation":{"x":0.02945288084447384,"y":0.18926475942134858,"z":-0.005679648835211992,"w":0.9814680814743042},"size":3.0205612182617189,"orthographic":false}